{"hideFromCatalog": false, "rowsUpdatedBy": "dbag-6qd9", "publicationGroup": 5156048, "rights": ["read"], "columns": [{"renderTypeName": "text", "format": {}, "dataTypeName": "text", "id": 322421231, "position": 1, "fieldName": "business_id", "name": "business_id", "width": 232, "tableColumnId": 32292457, "cachedContents": {"null": "0", "largest": "99993", "top": [{"item": "19373", "count": "45"}, {"item": "90238", "count": "42"}, {"item": "61494", "count": "41"}, {"item": "67564", "count": "41"}, {"item": "86658", "count": "40"}, {"item": "3016", "count": "40"}, {"item": "63763", "count": "39"}, {"item": "59828", "count": "39"}, {"item": "2357", "count": "38"}, {"item": "985", "count": "38"}, {"item": "33527", "count": "38"}, {"item": "79248", "count": "37"}, {"item": "3834", "count": "37"}, {"item": "76960", "count": "37"}, {"item": "75402", "count": "37"}, {"item": "1617", "count": "36"}, {"item": "87613", "count": "36"}, {"item": "81800", "count": "35"}, {"item": "79729", "count": "35"}, {"item": "90236", "count": "35"}], "cardinality": "6253", "non_null": "53973", "not_null": "53973", "smallest": "1000"}}, {"renderTypeName": "text", "format": {}, "dataTypeName": "text", "id": 322421232, "position": 2, "fieldName": "business_name", "name": "business_name", "width": 256, "tableColumnId": 32292459, "cachedContents": {"null": "0", "largest": "Z Zoul Cafe", "top": [{"item": "Peet's Coffee & Tea", "count": "151"}, {"item": "McDonald's", "count": "110"}, {"item": "Whole Foods Market", "count": "97"}, {"item": "Jamba Juice", "count": "83"}, {"item": "Mixt Greens/Mixt", "count": "81"}, {"item": "Pakwan Restaurant", "count": "81"}, {"item": "Henry's Hunan Restaurant", "count": "72"}, {"item": "Lee's Deli", "count": "70"}, {"item": "Quickly", "count": "64"}, {"item": "Starbucks Coffee", "count": "64"}, {"item": "STARBUCKS", "count": "58"}, {"item": "Oasis Grill", "count": "54"}, {"item": "Buckhorn Grill", "count": "54"}, {"item": "Turtle Tower Restaurant", "count": "53"}, {"item": "Specialty's Cafe & Bakery", "count": "52"}, {"item": "Subway Sandwiches", "count": "51"}, {"item": "La Boulangerie De San Francisco", "count": "51"}, {"item": "Lers Ros Thai Noodle", "count": "49"}, {"item": "Blue Bottle Coffee", "count": "47"}, {"item": "Las Isletas", "count": "45"}], "cardinality": "5775", "non_null": "53973", "not_null": "53973", "smallest": "100137 Cloud Club"}}, {"renderTypeName": "text", "format": {}, "dataTypeName": "text", "id": 322421233, "position": 3, "fieldName": "business_address", "name": "business_address", "width": 292, "tableColumnId": 32292460, "cachedContents": {"null": "0", "largest": "Various Farmers Markets", "top": [{"item": "428 11th St", "count": "200"}, {"item": "Off The Grid", "count": "199"}, {"item": "3251 20th Ave", "count": "107"}, {"item": "24 Willie Mays Plaza", "count": "66"}, {"item": "1355 Market St", "count": "66"}, {"item": "1 Market St", "count": "59"}, {"item": "Off the Grid", "count": "58"}, {"item": "Pier 41", "count": "55"}, {"item": "2300 16th St", "count": "50"}, {"item": "601 Mission Bay Blvd North", "count": "50"}, {"item": "4508 03rd St", "count": "45"}, {"item": "1475 Polk St", "count": "43"}, {"item": "91 Drumm St", "count": "43"}, {"item": "1524 Ocean Ave", "count": "42"}, {"item": "2020 MARKET St", "count": "42"}, {"item": "720 Post St", "count": "41"}, {"item": "5131 03rd St", "count": "41"}, {"item": "1689 Church St", "count": "40"}, {"item": "631 Kearny St", "count": "40"}, {"item": "84 Turk St", "count": "39"}], "cardinality": "5673", "non_null": "53973", "not_null": "53973", "smallest": "001 WEST PORTAL Ave"}}, {"renderTypeName": "text", "format": {}, "dataTypeName": "text", "id": 322421234, "position": 4, "fieldName": "business_city", "name": "business_city", "width": 256, "tableColumnId": 32292462, "cachedContents": {"null": "0", "largest": "San Francisco", "top": [{"item": "San Francisco", "count": "53973"}], "cardinality": "1", "non_null": "53973", "not_null": "53973", "smallest": "San Francisco"}}, {"renderTypeName": "text", "format": {}, "dataTypeName": "text", "id": 322421235, "position": 5, "fieldName": "business_state", "name": "business_state", "width": 268, "tableColumnId": 32292463, "cachedContents": {"null": "0", "largest": "CA", "top": [{"item": "CA", "count": "53973"}], "cardinality": "1", "non_null": "53973", "not_null": "53973", "smallest": "CA"}}, {"renderTypeName": "text", "format": {}, "dataTypeName": "text", "id": 322421236, "position": 6, "fieldName": "business_postal_code", "name": "business_postal_code", "width": 340, "tableColumnId": 32292465, "cachedContents": {"null": "1186", "largest": "CA", "top": [{"item": "94110", "count": "5921"}, {"item": "94103", "count": "4868"}, {"item": "94102", "count": "3789"}, {"item": "94109", "count": "3692"}, {"item": "94133", "count": "3325"}, {"item": "94107", "count": "2718"}, {"item": "94118", "count": "2633"}, {"item": "94112", "count": "2333"}, {"item": "94122", "count": "2158"}, {"item": "94105", "count": "2104"}, {"item": "94115", "count": "2039"}, {"item": "94108", "count": "2009"}, {"item": "94121", "count": "1917"}, {"item": "94111", "count": "1773"}, {"item": "94114", "count": "1673"}, {"item": "94124", "count": "1499"}, {"item": "94117", "count": "1327"}, {"item": "94123", "count": "1257"}, {"item": "94104", "count": "1138"}, {"item": "94132", "count": "1068"}], "cardinality": "62", "non_null": "52787", "not_null": "52787", "smallest": "00000"}}, {"renderTypeName": "number", "format": {}, "dataTypeName": "number", "id": 322421237, "position": 7, "fieldName": "business_latitude", "name": "business_latitude", "width": 304, "tableColumnId": 32292466, "cachedContents": {"null": "26498", "largest": "37.824494", "top": [{"item": "37.80824", "count": "207"}, {"item": "37.774722", "count": "140"}, {"item": "37.784317", "count": "138"}, {"item": "37.795225", "count": "134"}, {"item": "37.758941", "count": "133"}, {"item": "37.784848", "count": "115"}, {"item": "37.792577", "count": "92"}, {"item": "37.795594", "count": "86"}, {"item": "37.777122", "count": "77"}, {"item": "37.728497", "count": "65"}, {"item": "37.73017", "count": "60"}, {"item": "37.765708", "count": "59"}, {"item": "37.737021", "count": "59"}, {"item": "37.778382", "count": "59"}, {"item": "37.794347", "count": "57"}, {"item": "37.795788", "count": "56"}, {"item": "37.790324", "count": "55"}, {"item": "37.788613", "count": "54"}, {"item": "37.742048", "count": "51"}, {"item": "37.795202", "count": "50"}], "cardinality": "2295", "non_null": "27475", "not_null": "27475", "sum": "1114076.129713", "average": "37.74482076544925", "smallest": "0"}}, {"renderTypeName": "number", "format": {}, "dataTypeName": "number", "id": 322421238, "position": 8, "fieldName": "business_longitude", "name": "business_longitude", "width": 316, "tableColumnId": 32292468, "cachedContents": {"null": "26498", "largest": "0", "top": [{"item": "-122.410189", "count": "207"}, {"item": "-122.406761", "count": "140"}, {"item": "-122.407563", "count": "138"}, {"item": "-122.39377", "count": "134"}, {"item": "-122.48591", "count": "133"}, {"item": "-122.406892", "count": "115"}, {"item": "-122.408204", "count": "102"}, {"item": "-122.419639", "count": "77"}, {"item": "-122.475639", "count": "65"}, {"item": "-122.502535", "count": "60"}, {"item": "-122.409002", "count": "59"}, {"item": "-122.394932", "count": "57"}, {"item": "-122.408834", "count": "56"}, {"item": "-122.393894", "count": "54"}, {"item": "-122.419026", "count": "52"}, {"item": "-122.393992", "count": "52"}, {"item": "-122.499002", "count": "51"}, {"item": "-122.413169", "count": "50"}, {"item": "-122.432577", "count": "48"}, {"item": "-122.409705", "count": "47"}], "cardinality": "2323", "non_null": "27475", "not_null": "27475", "sum": "-3610993.714335", "average": "-122.3402125740276", "smallest": "-122.510896"}}, {"renderTypeName": "point", "format": {}, "dataTypeName": "point", "id": 322421239, "position": 9, "fieldName": "business_location", "name": "business_location", "width": 304, "tableColumnId": 32292469, "cachedContents": {"non_null": "27475", "null": "26498", "not_null": "27475", "top": [{"item": {"type": "Point", "coordinates": [-122.410189, 37.80824]}, "count": "207"}, {"item": {"type": "Point", "coordinates": [-122.406761, 37.774722]}, "count": "140"}, {"item": {"type": "Point", "coordinates": [-122.407563, 37.784317]}, "count": "138"}, {"item": {"type": "Point", "coordinates": [-122.39377, 37.795225]}, "count": "134"}, {"item": {"type": "Point", "coordinates": [-122.48591, 37.758941]}, "count": "133"}, {"item": {"type": "Point", "coordinates": [-122.406892, 37.784848]}, "count": "115"}, {"item": {"type": "Point", "coordinates": [-122.408204, 37.795594]}, "count": "86"}, {"item": {"type": "Point", "coordinates": [-122.419639, 37.777122]}, "count": "77"}, {"item": {"type": "Point", "coordinates": [-122.475639, 37.728497]}, "count": "65"}, {"item": {"type": "Point", "coordinates": [-122.502535, 37.73017]}, "count": "60"}, {"item": {"type": "Point", "coordinates": [-122.409002, 37.765708]}, "count": "59"}, {"item": {"type": "Point", "coordinates": [-122.394932, 37.794347]}, "count": "57"}, {"item": {"type": "Point", "coordinates": [-122.408834, 37.795788]}, "count": "56"}, {"item": {"type": "Point", "coordinates": [-122.393894, 37.788613]}, "count": "54"}, {"item": {"type": "Point", "coordinates": [-122.393992, 37.792577]}, "count": "52"}, {"item": {"type": "Point", "coordinates": [-122.499002, 37.742048]}, "count": "51"}, {"item": {"type": "Point", "coordinates": [-122.413169, 37.795202]}, "count": "50"}, {"item": {"type": "Point", "coordinates": [-122.462787, 37.778382]}, "count": "46"}, {"item": {"type": "Point", "coordinates": [-122.390043, 37.737021]}, "count": "45"}, {"item": {"type": "Point", "coordinates": [-122.412, 37.808494]}, "count": "45"}], "cardinality": "2373"}}, {"renderTypeName": "text", "format": {}, "dataTypeName": "text", "id": 322421240, "position": 14, "fieldName": "business_phone_number", "name": "business_phone_number", "width": 352, "tableColumnId": 32292471, "cachedContents": {"null": "36301", "largest": "+14159881393", "top": [{"item": "+14155556127", "count": "46"}, {"item": "+14155577698", "count": "45"}, {"item": "+14155331878", "count": "42"}, {"item": "+14155981866", "count": "42"}, {"item": "+14155822400", "count": "40"}, {"item": "+14155205946", "count": "38"}, {"item": "+14155640881", "count": "38"}, {"item": "+14155344186", "count": "37"}, {"item": "+14158393870", "count": "37"}, {"item": "+14155663328", "count": "36"}, {"item": "+14155495048", "count": "35"}, {"item": "+14155774246", "count": "34"}, {"item": "+14155223531", "count": "34"}, {"item": "+14155818288", "count": "34"}, {"item": "+14155879779", "count": "34"}, {"item": "+14155608877", "count": "34"}, {"item": "+14155253309", "count": "33"}, {"item": "+14155666408", "count": "33"}, {"item": "+14155588000", "count": "33"}, {"item": "+14155331628", "count": "33"}], "cardinality": "1931", "non_null": "17672", "not_null": "17672", "smallest": "+14150204876"}}, {"renderTypeName": "text", "format": {}, "dataTypeName": "text", "id": 322421241, "position": 15, "fieldName": "inspection_id", "name": "inspection_id", "width": 256, "tableColumnId": 32292472, "cachedContents": {"null": "0", "largest": "99993_20190808", "top": [{"item": "97283_20180823", "count": "15"}, {"item": "91843_20180822", "count": "14"}, {"item": "10877_20190701", "count": "14"}, {"item": "76218_20190124", "count": "14"}, {"item": "984_20170726", "count": "14"}, {"item": "1154_20190327", "count": "12"}, {"item": "87492_20161208", "count": "12"}, {"item": "67237_20180914", "count": "12"}, {"item": "66961_20170724", "count": "12"}, {"item": "86718_20180522", "count": "12"}, {"item": "2659_20180327", "count": "12"}, {"item": "59828_20190820", "count": "11"}, {"item": "71310_20181203", "count": "11"}, {"item": "76437_20171228", "count": "11"}, {"item": "76960_20170802", "count": "11"}, {"item": "90622_20180821", "count": "11"}, {"item": "61579_20170630", "count": "11"}, {"item": "80313_20180502", "count": "11"}, {"item": "63082_20170512", "count": "11"}, {"item": "3550_20170807", "count": "11"}], "cardinality": "26663", "non_null": "53973", "not_null": "53973", "smallest": "100010_20190329"}}, {"renderTypeName": "calendar_date", "format": {}, "dataTypeName": "calendar_date", "id": 322421242, "position": 16, "fieldName": "inspection_date", "name": "inspection_date", "width": 280, "tableColumnId": 32292474, "cachedContents": {"null": "0", "largest": "2019-11-28T00:00:00.000", "top": [{"item": "2019-04-12T00:00:00.000", "count": "186"}, {"item": "2018-03-26T00:00:00.000", "count": "170"}, {"item": "2019-07-19T00:00:00.000", "count": "169"}, {"item": "2019-03-19T00:00:00.000", "count": "162"}, {"item": "2017-11-29T00:00:00.000", "count": "161"}, {"item": "2018-05-01T00:00:00.000", "count": "155"}, {"item": "2019-04-16T00:00:00.000", "count": "155"}, {"item": "2019-03-12T00:00:00.000", "count": "150"}, {"item": "2019-05-15T00:00:00.000", "count": "148"}, {"item": "2019-04-03T00:00:00.000", "count": "145"}, {"item": "2017-11-28T00:00:00.000", "count": "142"}, {"item": "2017-09-19T00:00:00.000", "count": "141"}, {"item": "2019-04-30T00:00:00.000", "count": "140"}, {"item": "2019-04-17T00:00:00.000", "count": "139"}, {"item": "2019-07-17T00:00:00.000", "count": "139"}, {"item": "2017-10-18T00:00:00.000", "count": "138"}, {"item": "2019-02-28T00:00:00.000", "count": "136"}, {"item": "2017-11-14T00:00:00.000", "count": "134"}, {"item": "2019-05-08T00:00:00.000", "count": "133"}, {"item": "2019-06-26T00:00:00.000", "count": "133"}], "cardinality": "813", "non_null": "53973", "not_null": "53973", "smallest": "2016-10-04T00:00:00.000"}}, {"renderTypeName": "number", "format": {}, "dataTypeName": "number", "id": 322421243, "position": 17, "fieldName": "inspection_score", "name": "inspection_score", "width": 292, "tableColumnId": 32292475, "cachedContents": {"null": "14432", "largest": "100", "top": [{"item": "90", "count": "3700"}, {"item": "92", "count": "3434"}, {"item": "94", "count": "2776"}, {"item": "88", "count": "2590"}, {"item": "96", "count": "2385"}, {"item": "86", "count": "2209"}, {"item": "100", "count": "2002"}, {"item": "85", "count": "1675"}, {"item": "87", "count": "1639"}, {"item": "83", "count": "1618"}, {"item": "81", "count": "1424"}, {"item": "84", "count": "1333"}, {"item": "82", "count": "1100"}, {"item": "98", "count": "1080"}, {"item": "80", "count": "985"}, {"item": "79", "count": "983"}, {"item": "89", "count": "935"}, {"item": "78", "count": "808"}, {"item": "77", "count": "779"}, {"item": "75", "count": "724"}], "cardinality": "47", "non_null": "39541", "not_null": "39541", "sum": "3424640", "average": "85.96631272435173", "smallest": "45"}}, {"renderTypeName": "text", "format": {}, "dataTypeName": "text", "id": 322421244, "position": 18, "fieldName": "inspection_type", "name": "inspection_type", "width": 280, "tableColumnId": 32292477, "cachedContents": {"null": "0", "largest": "Structural Inspection", "top": [{"item": "Routine - Unscheduled", "count": "39638"}, {"item": "Reinspection/Followup", "count": "6718"}, {"item": "Complaint", "count": "2399"}, {"item": "New Ownership", "count": "1914"}, {"item": "New Construction", "count": "999"}, {"item": "Non-inspection site visit", "count": "847"}, {"item": "New Ownership - Followup", "count": "531"}, {"item": "Structural Inspection", "count": "402"}, {"item": "Complaint Reinspection/Followup", "count": "232"}, {"item": "Foodborne Illness Investigation", "count": "203"}, {"item": "Routine - Scheduled", "count": "74"}, {"item": "Special Event", "count": "8"}, {"item": "Administrative or Document Review", "count": "4"}, {"item": "Multi-agency Investigation", "count": "3"}, {"item": "Community Health Assessment", "count": "1"}], "cardinality": "15", "non_null": "53973", "not_null": "53973", "smallest": "Administrative or Document Review"}}, {"renderTypeName": "text", "format": {}, "dataTypeName": "text", "id": 322421245, "position": 19, "fieldName": "violation_id", "name": "violation_id", "width": 244, "tableColumnId": 32292478, "cachedContents": {"null": "13720", "largest": "99993_20190731_103150", "top": [{"item": "86393_20180516_103162", "count": "3"}, {"item": "87492_20161208_103133", "count": "2"}, {"item": "77427_20170706_103161", "count": "2"}, {"item": "79069_20170821_103149", "count": "2"}, {"item": "79069_20170821_103145", "count": "2"}, {"item": "87492_20161208_103124", "count": "2"}, {"item": "984_20170726_103142", "count": "2"}, {"item": "3403_20181218_103149", "count": "2"}, {"item": "87492_20161208_103102", "count": "2"}, {"item": "81342_20180414_103143", "count": "2"}, {"item": "2659_20180327_103154", "count": "2"}, {"item": "984_20170726_103120", "count": "2"}, {"item": "78793_20181205_103161", "count": "2"}, {"item": "2659_20180327_103133", "count": "2"}, {"item": "1687_20190325_103132", "count": "2"}, {"item": "984_20170726_103105", "count": "2"}, {"item": "38330_20180625_103144", "count": "2"}, {"item": "38330_20180625_103124", "count": "2"}, {"item": "984_20170726_103114", "count": "2"}, {"item": "79069_20170821_103142", "count": "2"}], "cardinality": "40210", "non_null": "40253", "not_null": "40253", "smallest": "100017_20190816_103105"}}, {"renderTypeName": "text", "format": {}, "dataTypeName": "text", "id": 322421246, "position": 20, "fieldName": "violation_description", "name": "violation_description", "width": 352, "tableColumnId": 32292480, "cachedContents": {"null": "13720", "largest": "Worker safety hazards", "top": [{"item": "Unclean or degraded floors walls or ceilings", "count": "3453"}, {"item": "Unapproved or unmaintained equipment or utensils", "count": "2917"}, {"item": "Inadequately cleaned or sanitized food contact surfaces", "count": "2823"}, {"item": "Inadequate and inaccessible handwashing facilities", "count": "2727"}, {"item": "Moderate risk food holding temperature", "count": "2623"}, {"item": "Wiping cloths not clean or properly stored or inadequate sanitizer", "count": "2025"}, {"item": "Foods not protected from contamination", "count": "1983"}, {"item": "Moderate risk vermin infestation", "count": "1745"}, {"item": "Improper food storage", "count": "1635"}, {"item": "High risk food holding temperature", "count": "1620"}, {"item": "Unclean nonfood contact surfaces", "count": "1443"}, {"item": "Unclean or unsanitary food contact surfaces", "count": "1245"}, {"item": "Food safety certificate or food handler card not available", "count": "1152"}, {"item": "Low risk vermin infestation", "count": "1137"}, {"item": "Improper storage of equipment utensils or linens", "count": "958"}, {"item": "Inadequate food safety knowledge or lack of certified food safety manager", "count": "919"}, {"item": "Improper cooling methods", "count": "910"}, {"item": "Permit license or inspection report not posted", "count": "842"}, {"item": "Insufficient hot water or running water", "count": "828"}, {"item": "High risk vermin infestation", "count": "822"}], "cardinality": "65", "non_null": "40253", "not_null": "40253", "smallest": "Consumer advisory not provided for raw or undercooked foods"}}, {"renderTypeName": "text", "format": {}, "dataTypeName": "text", "id": 322421247, "position": 21, "fieldName": "risk_category", "name": "risk_category", "width": 256, "tableColumnId": 32292481, "cachedContents": {"null": "13720", "largest": "Moderate Risk", "top": [{"item": "Low Risk", "count": "19112"}, {"item": "Moderate Risk", "count": "15316"}, {"item": "High Risk", "count": "5825"}], "cardinality": "3", "non_null": "40253", "not_null": "40253", "smallest": "High Risk"}}], "id": "pyih-qa8i", "owner": {"userSegment": "site_member", "flags": ["acceptedEula"], "id": "dbag-6qd9", "displayName": "OpenData", "type": "interactive", "screenName": "OpenData"}, "displayType": "table", "approvals": [{"submittedAt": 1506727125, "reviewedAutomatically": true, "submissionOutcome": "change_audience", "state": "approved", "submitter": {"id": "dbag-6qd9", "displayName": "OpenData"}, "submissionOutcomeApplication": {"status": "success", "failureCount": 0}, "reviewedAt": 1506727125, "workflowId": 2017, "submissionId": 647049, "submissionDetails": {"permissionType": "READ"}, "submissionObject": "public_audience_request"}], "category": "Health and Social Services", "flags": ["default", "restorable", "restorePossibleForType"], "viewLastModified": 1575558021, "viewCount": 18702, "viewType": "tabular", "oid": 26898316, "tags": ["lives", "san francisco", "environmental health", "department of public health", "dph", "sfdph", "restaurant scores", "sanitary scores", "inspections"], "averageRating": 0, "metadata": {"rowLabel": "Row", "availableDisplayTypes": ["table", "fatrow", "page"], "renderTypeConfig": {"visible": {"table": true}}, "rdfSubject": "0", "custom_fields": {"Detailed Descriptive": {"Data notes": "San Francisco's LIVES restaurant inspection data leverages the LIVES Flattened Schema (https://goo.gl/c3nNvr), which is based on LIVES version 2.0, cited on Yelp's website (http://www.yelp.com/healthscores).", "Geographic unit": "Latitude/longitude"}, "Department Metrics": {"Publishing Department": "Public Health"}, "Publishing Details": {"Data change frequency": "Daily", "Publishing frequency": "Weekly"}}}, "newBackend": true, "attribution": "Department of Public Health", "createdAt": 1446047856, "rowsUpdatedAt": 1575558049, "name": "Restaurant Scores - LIVES Standard", "indexUpdatedAt": 1555596117, "license": {"termsLink": "http://opendatacommons.org/licenses/pddl/1.0/", "name": "Open Data Commons Public Domain Dedication and License"}, "downloadCount": 744484, "tableAuthor": {"userSegment": "site_member", "flags": ["acceptedEula"], "id": "dbag-6qd9", "displayName": "OpenData", "type": "interactive", "screenName": "OpenData"}, "totalTimesRated": 0, "description": "The Health Department has developed an inspection report and scoring system. After conducting an inspection of the facility, the Health Inspector calculates a score based on the violations observed. Violations can fall into:high risk category: records specific violations that directly relate to the transmission of food borne illnesses, the adulteration of food products and the contamination of food-contact surfaces.moderate risk category: records specific violations that are of a moderate risk to the public health and safety.low risk category: records violations that are low risk or have no immediate risk to the public health and safety.The score card that will be issued by the inspector is maintained at the food establishment and is available to the public in this dataset.\r\nSan Francisco's LIVES restaurant inspection data leverages the LIVES Flattened Schema (https://goo.gl/c3nNvr), which is based on LIVES version 2.0, cited on Yelp's website (http://www.yelp.com/healthscores).", "publicationStage": "published", "publicationDate": 1506727125, "numberOfComments": 0, "grants": [{"type": "viewer", "flags": ["public"], "inherited": false}], "publicationAppendEnabled": true, "tableId": 14495017, "hideFromDataJson": false, "query": {}, "licenseId": "PDDL", "provenance": "official", "attributionLink": "http://www.sfdph.org/dph/EH/Food/score/default.asp"}